{"e2e_model": {"latency_ms_p50": 1358.6270809173584, "latency_ms_p90": 1461.1627101898196, "latency_ms_p95": 1520.4603791236877, "latency_ms_p99": 1533.7061429023743, "latency_ms_p100": 1537.017583847046, "latency_ms_avg": 1378.8730382919312, "throughput": 464.1471565741798}, "context_encoding_model": {"latency_ms_p50": 33.861517906188965, "latency_ms_p90": 34.92381572723389, "latency_ms_p95": 35.144996643066406, "latency_ms_p99": 35.17688751220703, "latency_ms_p100": 35.18486022949219, "latency_ms_avg": 34.03388261795044, "throughput": 15073.214118962413}, "token_generation_model": {"latency_ms_p50": 8.283019065856934, "latency_ms_p90": 9.171772003173828, "latency_ms_p95": 9.233009815216064, "latency_ms_p99": 9.621422290802002, "latency_ms_p100": 11.19852066040039, "latency_ms_avg": 8.447848899023873, "throughput": 119.31280021509053}}