{"e2e_model": {"latency_ms_p50": 6819.352984428406, "latency_ms_p90": 7082.46488571167, "latency_ms_p95": 7155.467176437378, "latency_ms_p99": 7710.446577072143, "latency_ms_p100": 7849.191427230835, "latency_ms_avg": 6893.393242359161, "throughput": 92.84252000412057}, "context_encoding_model": {"latency_ms_p50": 14.125227928161621, "latency_ms_p90": 15.336823463439941, "latency_ms_p95": 15.528011322021488, "latency_ms_p99": 17.804584503173825, "latency_ms_p100": 18.373727798461914, "latency_ms_avg": 14.647185802459717, "throughput": 273.0900019939855}, "token_generation_model": {"latency_ms_p50": 8.033990859985352, "latency_ms_p90": 8.907580375671387, "latency_ms_p95": 8.949041366577148, "latency_ms_p99": 9.766604900360107, "latency_ms_p100": 12.902975082397461, "latency_ms_avg": 8.309544033891573, "throughput": 120.53306403631188}}