{"e2e_model": {"latency_ms_p50": 6697.380065917969, "latency_ms_p90": 6851.248145103455, "latency_ms_p95": 6907.109224796295, "latency_ms_p99": 6919.296066761016, "latency_ms_p100": 6922.342777252197, "latency_ms_avg": 6687.588810920715, "throughput": 95.69966367473}, "context_encoding_model": {"latency_ms_p50": 15.77150821685791, "latency_ms_p90": 16.76492691040039, "latency_ms_p95": 16.8023943901062, "latency_ms_p99": 17.00660467147827, "latency_ms_p100": 17.05765724182129, "latency_ms_avg": 15.973722934722899, "throughput": 250.4112545551291}, "token_generation_model": {"latency_ms_p50": 7.962465286254883, "latency_ms_p90": 8.85152816772461, "latency_ms_p95": 8.886098861694336, "latency_ms_p99": 9.006514549255371, "latency_ms_p100": 13.015270233154297, "latency_ms_avg": 8.20610337370024, "throughput": 122.05242336570555}}